Cliente,Teléfono,visitas,recencia_dias,prob_abandono,valor_12m
Fernando Torres Sánchez,5564542672,4,86,0.7013779997132406,664.2006522003159
Elena Medina López,5599259688,3,40,0.7294306777393467,563.2852446026417
Alberto Rivera Méndez,5518798161,11,88,0.6954177779117987,502.4529566723252
Arturo Vázquez Morales,5557974202,10,209,0.6848734247093694,490.61974389323933
Raúl Flores Vázquez,5518970536,13,249,0.7554741376765798,484.03580952225735
Guadalupe Jiménez Vázquez,5599852809,12,204,0.6906982948960004,447.5979928040663
Diana Martínez Gutiérrez,5543468570,7,240,0.7290144780566565,405.9875646660233
Rafael Herrera Ortiz,5543246993,2,44,0.6881670497876424,332.8669652502667
Gabriela Gutiérrez Vargas,5596999030,14,251,0.7546364632735303,312.8591138516606
Alejandra Gutiérrez Moreno,5584584095,3,30,0.6962529999568221,270.06223657685115
Yolanda Aguilar Vázquez,5549189838,3,43,0.739526382107548,261.1239889733321
Raúl Ramírez Juárez,5585735081,2,48,0.6977261307720781,203.47738942904164
Claudia Vázquez Aguilar,5587974591,4,61,0.7224503498932388,194.76362594991707
